cod_stazione,nome_stazione,lat,lon,citta,built_at_utc
N00024,VARESE NORD,,,,2026-02-16T04:37:02+00:00
N00025,VARESE CASBENO,,,,2026-02-16T04:37:02+00:00
N00055,NOVARA NORD,,,,2026-02-16T04:37:02+00:00
N00068,MARIANO COMENSE,,,,2026-02-16T04:37:02+00:00
N00074,ERBA,,,,2026-02-16T04:37:02+00:00
N00079,ASSO,,,,2026-02-16T04:37:02+00:00
N00210,ISEO,,,,2026-02-16T04:37:02+00:00
N00217,PISOGNE,,,,2026-02-16T04:37:02+00:00
N00221,BOARIO TERME,,,,2026-02-16T04:37:02+00:00
N00226,BRENO,,,,2026-02-16T04:37:02+00:00
N00235,EDOLO,,,,2026-02-16T04:37:02+00:00
S00016,BORGOMANERO,,,,2026-02-16T04:37:02+00:00
S00034,MORTARA,,,,2026-02-16T04:37:02+00:00
S00039,TORREBERETTI,,,,2026-02-16T04:37:02+00:00
S00070,BIELLA S.PAOLO,,,,2026-02-16T04:37:02+00:00
S00088,TORINO AEROPORTO DI CASELLE,,,,2026-02-16T04:37:02+00:00
S00154,IVREA,,,,2026-02-16T04:37:02+00:00
S00201,MODANE,,,,2026-02-16T04:37:02+00:00
S00202,BARDONECCHIA,,,,2026-02-16T04:37:02+00:00
S00208,BUSSOLENO,,,,2026-02-16T04:37:02+00:00
S00219,TORINO PORTA NUOVA,,,,2026-02-16T04:37:02+00:00
S00228,TORINO STURA,,,,2026-02-16T04:37:02+00:00
S00232,CHIVASSO,,,,2026-02-16T04:37:02+00:00
S00240,SANTHIA\',,,,2026-02-16T04:37:02+00:00
S00245,VERCELLI,,,,2026-02-16T04:37:02+00:00
S00248,NOVARA,,,,2026-02-16T04:37:02+00:00
S00260,SUSA,,,,2026-02-16T04:37:02+00:00
S00452,TORINO LINGOTTO,,,,2026-02-16T04:37:02+00:00
S00462,ASTI,,,,2026-02-16T04:37:02+00:00
S00470,ALESSANDRIA,,,,2026-02-16T04:37:02+00:00
S00500,CHIERI,,,,2026-02-16T04:37:02+00:00
S00517,PINEROLO,,,,2026-02-16T04:37:02+00:00
S00606,FOSSANO,,,,2026-02-16T04:37:02+00:00
S00610,CUNEO,,,,2026-02-16T04:37:02+00:00
S00617,LIMONE,,,,2026-02-16T04:37:02+00:00
S00742,CEVA,,,,2026-02-16T04:37:02+00:00
S00821,BRA,,,,2026-02-16T04:37:02+00:00
S00825,ALBA,,,,2026-02-16T04:37:02+00:00
S00867,ACQUI TERME,,,,2026-02-16T04:37:02+00:00
S00884,RIVAROLO,,,,2026-02-16T04:37:02+00:00
S01003,DOMODOSSOLA,,,,2026-02-16T04:37:02+00:00
S01020,ARONA,,,,2026-02-16T04:37:02+00:00
S01030,GALLARATE,,,,2026-02-16T04:37:02+00:00
S01059,ALBAIRATE-VERMEZZO,,,,2026-02-16T04:37:02+00:00
S01062,ABBIATEGRASSO,,,,2026-02-16T04:37:02+00:00
S01066,MILANO CADORNA,,,,2026-02-16T04:37:02+00:00
S01086,CESANO MADERNO,,,,2026-02-16T04:37:02+00:00
S01113,LUINO,,,,2026-02-16T04:37:02+00:00
S01138,FERNO - LONATE POZZOLO,,,,2026-02-16T04:37:02+00:00
S01146,MALPENSA AEROPORTO TERMINAL 2,,,,2026-02-16T04:37:02+00:00
S01200,PORTO CERESIO,,,,2026-02-16T04:37:02+00:00
S01205,VARESE,,,,2026-02-16T04:37:02+00:00
S01301,CHIASSO,,,,2026-02-16T04:37:02+00:00
S01307,COMO S.GIOVANNI,,,,2026-02-16T04:37:02+00:00
S01308,COMO CAMERLATA,,,,2026-02-16T04:37:02+00:00
S01315,CARIMATE,,,,2026-02-16T04:37:02+00:00
S01316,CAMNAGO-LENTATE,,,,2026-02-16T04:37:02+00:00
S01318,SEREGNO,,,,2026-02-16T04:37:02+00:00
S01322,MONZA,,,,2026-02-16T04:37:02+00:00
S01326,MILANO GRECO PIRELLI,,,,2026-02-16T04:37:02+00:00
S01400,CHIAVENNA,,,,2026-02-16T04:37:02+00:00
S01420,COLICO,,,,2026-02-16T04:37:02+00:00
S01430,SONDRIO,,,,2026-02-16T04:37:02+00:00
S01437,TRESENDA-APRICA-TEGLIO,,,,2026-02-16T04:37:02+00:00
S01440,TIRANO,,,,2026-02-16T04:37:02+00:00
S01458,MOLTENO,,,,2026-02-16T04:37:02+00:00
S01511,CARNATE USMATE,,,,2026-02-16T04:37:02+00:00
S01520,LECCO,,,,2026-02-16T04:37:02+00:00
S01524,CALOLZIOCORTE OLGINATE,,,,2026-02-16T04:37:02+00:00
S01528,PONTE S.PIETRO,,,,2026-02-16T04:37:02+00:00
S01529,BERGAMO,,,,2026-02-16T04:37:02+00:00
S01630,MILANO S.CRISTOFORO,,,,2026-02-16T04:37:02+00:00
S01640,MILANO CERTOSA,,,,2026-02-16T04:37:02+00:00
S01642,MILANO BOVISA POLITECNICO,,,,2026-02-16T04:37:02+00:00
S01645,MILANO PORTA GARIBALDI,,,,2026-02-16T04:37:02+00:00
S01700,MILANO CENTRALE,,,,2026-02-16T04:37:02+00:00
S01701,MILANO LAMBRATE,,,,2026-02-16T04:37:02+00:00
S01703,PIOLTELLO LIMITO,,,,2026-02-16T04:37:02+00:00
S01708,TREVIGLIO,,,,2026-02-16T04:37:02+00:00
S01717,BRESCIA,,,,2026-02-16T04:37:02+00:00
S01747,LAVENO MOMBELLO LAGO,,,,2026-02-16T04:37:02+00:00
S01765,COMO LAGO,,,,2026-02-16T04:37:02+00:00
S01805,BRESSANA BOTTARONE,,,,2026-02-16T04:37:02+00:00
S01807,VOGHERA,,,,2026-02-16T04:37:02+00:00
S01810,TORTONA,,,,2026-02-16T04:37:02+00:00
S01820,MILANO ROGOREDO,,,,2026-02-16T04:37:02+00:00
S01824,TAVAZZANO,,,,2026-02-16T04:37:02+00:00
S01825,LODI,,,,2026-02-16T04:37:02+00:00
S01827,CASALPUSTERLENGO,,,,2026-02-16T04:37:02+00:00
S01828,CODOGNO,,,,2026-02-16T04:37:02+00:00
S01860,PAVIA,,,,2026-02-16T04:37:02+00:00
S01864,BELGIOIOSO,,,,2026-02-16T04:37:02+00:00
S01865,CORTEOLONA,,,,2026-02-16T04:37:02+00:00
S01915,CREMONA,,,,2026-02-16T04:37:02+00:00
S01919,PIADENA,,,,2026-02-16T04:37:02+00:00
S01925,SEVESO,,,,2026-02-16T04:37:02+00:00
S01933,SARONNO,,,,2026-02-16T04:37:02+00:00
S01945,STRADELLA,,,,2026-02-16T04:37:02+00:00
S01963,BUSSETO,,,,2026-02-16T04:37:02+00:00
S02001,BRENNERO,,,,2026-02-16T04:37:02+00:00
S02011,FORTEZZA,,,,2026-02-16T04:37:02+00:00
S02026,BOLZANO,,,,2026-02-16T04:37:02+00:00
S02038,TRENTO,,,,2026-02-16T04:37:02+00:00
S02044,ROVERETO,,,,2026-02-16T04:37:02+00:00
S02049,ALA,,,,2026-02-16T04:37:02+00:00
S02114,S.CANDIDO,,,,2026-02-16T04:37:02+00:00
S02140,SCHIO,,,,2026-02-16T04:37:02+00:00
S02216,MERANO,,,,2026-02-16T04:37:02+00:00
S02314,BORGO VALSUGANA EST,,,,2026-02-16T04:37:02+00:00
S02336,MANTOVA,,,,2026-02-16T04:37:02+00:00
S02340,SUZZARA,,,,2026-02-16T04:37:02+00:00
S02349,CARPI,,,,2026-02-16T04:37:02+00:00
S02366,LEGNAGO,,,,2026-02-16T04:37:02+00:00
S02430,VERONA PORTA NUOVA,,,,2026-02-16T04:37:02+00:00
S02446,VICENZA,,,,2026-02-16T04:37:02+00:00
S02520,BASSANO DEL GRAPPA,,,,2026-02-16T04:37:02+00:00
S02537,CASTELFRANCO VENETO,,,,2026-02-16T04:37:02+00:00
S02550,CALALZO PIEVE CADORE CORTINA,,,,2026-02-16T04:37:02+00:00
S02558,PONTE NELLE ALPI POLPET,,,,2026-02-16T04:37:02+00:00
S02559,BELLUNO,,,,2026-02-16T04:37:02+00:00
S02570,MONTEBELLUNA,,,,2026-02-16T04:37:02+00:00
S02581,PADOVA,,,,2026-02-16T04:37:02+00:00
S02589,VENEZIA MESTRE,,,,2026-02-16T04:37:02+00:00
S02593,VENEZIA S.LUCIA,,,,2026-02-16T04:37:02+00:00
S02703,SACILE,,,,2026-02-16T04:37:02+00:00
S02706,CONEGLIANO,,,,2026-02-16T04:37:02+00:00
S02712,TREVISO CENTRALE,,,,2026-02-16T04:37:02+00:00
S02830,CASARSA,,,,2026-02-16T04:37:02+00:00
S03015,TARVISIO BOSCOVERDE,,,,2026-02-16T04:37:02+00:00
S03016,CARNIA,,,,2026-02-16T04:37:02+00:00
S03019,GEMONA DEL FRIULI,,,,2026-02-16T04:37:02+00:00
S03026,UDINE,,,,2026-02-16T04:37:02+00:00
S03084,MANIAGO,,,,2026-02-16T04:37:02+00:00
S03200,PORTOGRUARO CAORLE,,,,2026-02-16T04:37:02+00:00
S03304,GORIZIA CENTRALE,,,,2026-02-16T04:37:02+00:00
S03310,MONFALCONE,,,,2026-02-16T04:37:02+00:00
S03317,TRIESTE CENTRALE,,,,2026-02-16T04:37:02+00:00
S03466,VILLA OPICINA,,,,2026-02-16T04:37:02+00:00
S04203,NOVI LIGURE,,,,2026-02-16T04:37:02+00:00
S04207,ARQUATA SCRIVIA,,,,2026-02-16T04:37:02+00:00
S04501,VENTIMIGLIA,,,,2026-02-16T04:37:02+00:00
S04515,ALASSIO,,,,2026-02-16T04:37:02+00:00
S04516,ALBENGA,,,,2026-02-16T04:37:02+00:00
S04519,LOANO,,,,2026-02-16T04:37:02+00:00
S04523,IMPERIA,,,,2026-02-16T04:37:02+00:00
S04525,ANDORA,,,,2026-02-16T04:37:02+00:00
S04534,GENOVA VOLTRI,,,,2026-02-16T04:37:02+00:00
S04700,GENOVA PIAZZA PRINCIPE,,,,2026-02-16T04:37:02+00:00
S04702,GENOVA BRIGNOLE,,,,2026-02-16T04:37:02+00:00
S04707,GENOVA NERVI,,,,2026-02-16T04:37:02+00:00
S04725,SESTRI LEVANTE,,,,2026-02-16T04:37:02+00:00
S04801,SAVONA,,,,2026-02-16T04:37:02+00:00
S04805,S.GIUSEPPE DI CAIRO,,,,2026-02-16T04:37:02+00:00
S05000,PIACENZA,,,,2026-02-16T04:37:02+00:00
S05007,FIORENZUOLA,,,,2026-02-16T04:37:02+00:00
S05009,FIDENZA,,,,2026-02-16T04:37:02+00:00
S05014,PARMA,,,,2026-02-16T04:37:02+00:00
S05017,BUDRIO,,,,2026-02-16T04:37:02+00:00
S05023,REGGIO EMILIA,,,,2026-02-16T04:37:02+00:00
S05032,MODENA,,,,2026-02-16T04:37:02+00:00
S05043,BOLOGNA CENTRALE,,,,2026-02-16T04:37:02+00:00
S05054,IMOLA,,,,2026-02-16T04:37:02+00:00
S05056,CASTELBOLOGNESE-RIOLO TERME,,,,2026-02-16T04:37:02+00:00
S05058,FAENZA,,,,2026-02-16T04:37:02+00:00
S05071,RIMINI,,,,2026-02-16T04:37:02+00:00
S05090,SALSOMAGGIORE TERME,,,,2026-02-16T04:37:02+00:00
S05105,MARZABOTTO,,,,2026-02-16T04:37:02+00:00
S05110,PORRETTA TERME,,,,2026-02-16T04:37:02+00:00
S05131,PIANORO,,,,2026-02-16T04:37:02+00:00
S05134,S.BENEDETTO SAMBRO-CASTIGLIONE PEPOLI,,,,2026-02-16T04:37:02+00:00
S05161,SERMIDE,,,,2026-02-16T04:37:02+00:00
S05180,SASSUOLO TERMINAL,,,,2026-02-16T04:37:02+00:00
S05192,REGGIO S.LAZZARO,,,,2026-02-16T04:37:02+00:00
S05194,SASSUOLO RADICI,,,,2026-02-16T04:37:02+00:00
S05308,POGGIO RUSCO,,,,2026-02-16T04:37:02+00:00
S05420,ADRIA,,,,2026-02-16T04:37:02+00:00
S05703,MONSELICE,,,,2026-02-16T04:37:02+00:00
S05706,ROVIGO,,,,2026-02-16T04:37:02+00:00
S05712,FERRARA,,,,2026-02-16T04:37:02+00:00
S05722,S.PIETRO IN CASALE,,,,2026-02-16T04:37:02+00:00
S05799,CODIGORO,,,,2026-02-16T04:37:02+00:00
S05802,PORTOMAGGIORE,,,,2026-02-16T04:37:02+00:00
S05811,RAVENNA,,,,2026-02-16T04:37:02+00:00
S05921,CIANO D\'ENZA,,,,2026-02-16T04:37:02+00:00
S05951,LUGO,,,,2026-02-16T04:37:02+00:00
S05960,GUASTALLA,,,,2026-02-16T04:37:02+00:00
S06000,LA SPEZIA CENTRALE,,,,2026-02-16T04:37:02+00:00
S06007,SARZANA,,,,2026-02-16T04:37:02+00:00
S06013,AULLA LUNIGIANA,,,,2026-02-16T04:37:02+00:00
S06026,CECINA,,,,2026-02-16T04:37:02+00:00
S06031,CAMPIGLIA MARITTIMA,,,,2026-02-16T04:37:02+00:00
S06033,FOLLONICA,,,,2026-02-16T04:37:02+00:00
S06039,GROSSETO,,,,2026-02-16T04:37:02+00:00
S06040,VIAREGGIO,,,,2026-02-16T04:37:02+00:00
S06161,BORGO VAL DI TARO,,,,2026-02-16T04:37:02+00:00
S06163,PONTREMOLI,,,,2026-02-16T04:37:02+00:00
S06227,MINUCCIANO-PIEVE-CASOLA,,,,2026-02-16T04:37:02+00:00
S06325,PIAZZA AL SERCHIO,,,,2026-02-16T04:37:02+00:00
S06404,LUCCA,,,,2026-02-16T04:37:02+00:00
S06409,PESCIA,,,,2026-02-16T04:37:02+00:00
S06411,MONTECATINI TERME-MONSUMMANO,,,,2026-02-16T04:37:02+00:00
S06414,PISTOIA,,,,2026-02-16T04:37:02+00:00
S06416,PRATO CENTRALE,,,,2026-02-16T04:37:02+00:00
S06419,FIRENZE CASTELLO,,,,2026-02-16T04:37:02+00:00
S06420,FIRENZE RIFREDI,,,,2026-02-16T04:37:02+00:00
S06421,FIRENZE SANTA MARIA NOVELLA,,,,2026-02-16T04:37:02+00:00
S06500,PISA CENTRALE,,,,2026-02-16T04:37:02+00:00
S06506,PONTEDERA CASCIANA TERME,,,,2026-02-16T04:37:02+00:00
S06510,EMPOLI,,,,2026-02-16T04:37:02+00:00
S06603,S.PIERO A SIEVE,,,,2026-02-16T04:37:02+00:00
S06604,BORGO S.LORENZO,,,,2026-02-16T04:37:02+00:00
S06610,MARRADI-PALAZZUOLO SUL SENIO,,,,2026-02-16T04:37:02+00:00
S06725,LIVORNO CENTRALE,,,,2026-02-16T04:37:02+00:00
S06775,PIOMBINO MARITTIMA,,,,2026-02-16T04:37:02+00:00
S06809,SIENA,,,,2026-02-16T04:37:02+00:00
S06874,BUONCONVENTO,,,,2026-02-16T04:37:02+00:00
S06900,FIRENZE CAMPO MARTE,,,,2026-02-16T04:37:02+00:00
S06904,PONTASSIEVE,,,,2026-02-16T04:37:02+00:00
S06908,FIGLINE VALDARNO,,,,2026-02-16T04:37:02+00:00
S06909,S.GIOVANNI VALDARNO,,,,2026-02-16T04:37:02+00:00
S06910,MONTEVARCHI TERRANUOVA,,,,2026-02-16T04:37:02+00:00
S06915,AREZZO,,,,2026-02-16T04:37:02+00:00
S06922,TERONTOLA CORTONA,,,,2026-02-16T04:37:02+00:00
S06925,CHIUSI-CHIANCIANO TERME,,,,2026-02-16T04:37:02+00:00
S07004,PERUGIA,,,,2026-02-16T04:37:02+00:00
S07005,PERUGIA PONTE S.GIOVANNI,,,,2026-02-16T04:37:02+00:00
S07008,ASSISI,,,,2026-02-16T04:37:02+00:00
S07104,PESARO,,,,2026-02-16T04:37:02+00:00
S07113,ANCONA,,,,2026-02-16T04:37:02+00:00
S07202,JESI,,,,2026-02-16T04:37:02+00:00
S07208,FABRIANO,,,,2026-02-16T04:37:02+00:00
S07217,FOLIGNO,,,,2026-02-16T04:37:02+00:00
S07226,TERNI,,,,2026-02-16T04:37:02+00:00
S07307,MACERATA,,,,2026-02-16T04:37:02+00:00
S07405,RIETI,,,,2026-02-16T04:37:02+00:00
S07414,L\'AQUILA,,,,2026-02-16T04:37:02+00:00
S07506,CIVITANOVA MARCHE-MONTEGRANARO,,,,2026-02-16T04:37:02+00:00
S07513,S.BENEDETTO DEL TRONTO,,,,2026-02-16T04:37:02+00:00
S07550,ASCOLI PICENO,,,,2026-02-16T04:37:02+00:00
S07706,TORRE DEI PASSERI,,,,2026-02-16T04:37:02+00:00
S07802,GIULIANOVA,,,,2026-02-16T04:37:02+00:00
S07810,PESCARA,,,,2026-02-16T04:37:02+00:00
S07813,FRANCAVILLA AL MARE,,,,2026-02-16T04:37:02+00:00
S07824,VASTO S.SALVO,,,,2026-02-16T04:37:02+00:00
S07900,TERAMO,,,,2026-02-16T04:37:02+00:00
S08004,ORBETELLO-MONTE ARGENTARIO,,,,2026-02-16T04:37:02+00:00
S08010,CIVITAVECCHIA,,,,2026-02-16T04:37:02+00:00
S08016,S.SEVERA,,,,2026-02-16T04:37:02+00:00
S08021,LADISPOLI-CERVETERI,,,,2026-02-16T04:37:02+00:00
S08203,ORVIETO,,,,2026-02-16T04:37:02+00:00
S08209,ORTE,,,,2026-02-16T04:37:02+00:00
S08213,POGGIO MIRTETO,,,,2026-02-16T04:37:02+00:00
S08214,FARA SABINA-MONTELIBRETTI,,,,2026-02-16T04:37:02+00:00
S08215,MONTEROTONDO-MENTANA,,,,2026-02-16T04:37:02+00:00
S08217,ROMA TIBURTINA,,,,2026-02-16T04:37:02+00:00
S08304,VITERBO PORTA FIORENTINA,,,,2026-02-16T04:37:02+00:00
S08306,VITERBO PORTA ROMANA,,,,2026-02-16T04:37:02+00:00
S08311,CAPRANICA-SUTRI,,,,2026-02-16T04:37:02+00:00
S08315,BRACCIANO,,,,2026-02-16T04:37:02+00:00
S08318,ANGUILLARA,,,,2026-02-16T04:37:02+00:00
S08319,CESANO DI ROMA,,,,2026-02-16T04:37:02+00:00
S08320,LA STORTA,,,,2026-02-16T04:37:02+00:00
S08323,ROMA S.PIETRO,,,,2026-02-16T04:37:02+00:00
S08331,VIGNA CLARA PES,,,,2026-02-16T04:37:02+00:00
S08406,ROMA OSTIENSE,,,,2026-02-16T04:37:02+00:00
S08408,ROMA TUSCOLANA,,,,2026-02-16T04:37:02+00:00
S08409,ROMA TERMINI,,,,2026-02-16T04:37:02+00:00
S08411,FIUMICINO AEROPORTO,,,,2026-02-16T04:37:02+00:00
S08506,GUIDONIA-MONTECELIO-S.ANGELO,,,,2026-02-16T04:37:02+00:00
S08508,TIVOLI,,,,2026-02-16T04:37:02+00:00
S08512,VALLE DELL\'ANIENE-MANDELA-SAMBUCI,,,,2026-02-16T04:37:02+00:00
S08526,AVEZZANO,,,,2026-02-16T04:37:02+00:00
S08539,SULMONA,,,,2026-02-16T04:37:02+00:00
S08608,LATINA,,,,2026-02-16T04:37:02+00:00
S08640,FORMIA-GAETA,,,,2026-02-16T04:37:02+00:00
S08650,CIAMPINO,,,,2026-02-16T04:37:02+00:00
S08657,COLLEFERRO-SEGNI-PALIANO,,,,2026-02-16T04:37:02+00:00
S08662,FROSINONE,,,,2026-02-16T04:37:02+00:00
S08671,CASSINO,,,,2026-02-16T04:37:02+00:00
S08704,ALBANO LAZIALE,,,,2026-02-16T04:37:02+00:00
S08710,NETTUNO,,,,2026-02-16T04:37:02+00:00
S08734,VELLETRI,,,,2026-02-16T04:37:02+00:00
S08751,FRASCATI,,,,2026-02-16T04:37:02+00:00
S08850,CAPISTRELLO,,,,2026-02-16T04:37:02+00:00
S08906,ROCCARASO,,,,2026-02-16T04:37:02+00:00
S09000,SESSA AURUNCA-ROCCAMONFINA,,,,2026-02-16T04:37:02+00:00
S09003,VILLA LITERNO,,,,2026-02-16T04:37:02+00:00
S09101,POZZUOLI SOLFATARA,,,,2026-02-16T04:37:02+00:00
S09103,NAPOLI CAMPI FLEGREI,,,,2026-02-16T04:37:02+00:00
S09110,NAPOLI GIANTURCO,,,,2026-02-16T04:37:02+00:00
S09150,MINTURNO-SCAURI,,,,2026-02-16T04:37:02+00:00
S09203,VAIRANO-CAIANELLO,,,,2026-02-16T04:37:02+00:00
S09206,SPARANISE,,,,2026-02-16T04:37:02+00:00
S09211,CASERTA,,,,2026-02-16T04:37:02+00:00
S09218,NAPOLI CENTRALE,,,,2026-02-16T04:37:02+00:00
S09311,BENEVENTO,,,,2026-02-16T04:37:02+00:00
S09453,BOIANO,,,,2026-02-16T04:37:02+00:00
S09702,SARNO,,,,2026-02-16T04:37:02+00:00
S09706,MERCATO S.SEVERINO,,,,2026-02-16T04:37:02+00:00
S09756,CASTELLAMMARE DI STABIA,,,,2026-02-16T04:37:02+00:00
S09800,NAPOLI S.GIOVANNI BARRA,,,,2026-02-16T04:37:02+00:00
S09806,TORRE ANNUNZIATA CENTRALE,,,,2026-02-16T04:37:02+00:00
S09810,POMPEI,,,,2026-02-16T04:37:02+00:00
S09814,NOCERA INFERIORE,,,,2026-02-16T04:37:02+00:00
S09818,SALERNO,,,,2026-02-16T04:37:02+00:00
S09823,BATTIPAGLIA,,,,2026-02-16T04:37:02+00:00
S09824,EBOLI,,,,2026-02-16T04:37:02+00:00
S09828,BUCCINO S.GREGORIO MAGNO,,,,2026-02-16T04:37:02+00:00
S09839,ARECHI,,,,2026-02-16T04:37:02+00:00
S11019,TERMOLI,,,,2026-02-16T04:37:02+00:00
S11100,FOGGIA,,,,2026-02-16T04:37:02+00:00
S11108,BARLETTA,,,,2026-02-16T04:37:02+00:00
S11119,BARI CENTRALE,,,,2026-02-16T04:37:02+00:00
S11130,FASANO,,,,2026-02-16T04:37:02+00:00
S11132,OSTUNI,,,,2026-02-16T04:37:02+00:00
S11136,BRINDISI,,,,2026-02-16T04:37:02+00:00
S11145,LECCE,,,,2026-02-16T04:37:02+00:00
S11252,BITRITTO,,,,2026-02-16T04:37:02+00:00
S11420,POTENZA CENTRALE,,,,2026-02-16T04:37:02+00:00
S11465,TARANTO,,,,2026-02-16T04:37:02+00:00
S11721,SAPRI,,,,2026-02-16T04:37:02+00:00
S11739,PAOLA,,,,2026-02-16T04:37:02+00:00
S11749,LAMEZIA TERME CENTRALE,,,,2026-02-16T04:37:02+00:00
S11765,ROSARNO,,,,2026-02-16T04:37:02+00:00
S11774,VILLA S.GIOVANNI,,,,2026-02-16T04:37:02+00:00
S11781,REGGIO DI CALABRIA CENTRALE,,,,2026-02-16T04:37:02+00:00
S11811,SIBARI,,,,2026-02-16T04:37:02+00:00
S11823,CROTONE,,,,2026-02-16T04:37:02+00:00
S11833,CATANZARO LIDO,,,,2026-02-16T04:37:02+00:00
S11847,ROCCELLA JONICA,,,,2026-02-16T04:37:02+00:00
S11851,LOCRI,,,,2026-02-16T04:37:02+00:00
S11863,MELITO DI PORTO SALVO,,,,2026-02-16T04:37:02+00:00
S11910,COSENZA,,,,2026-02-16T04:37:02+00:00
S12002,PALERMO CENTRALE,,,,2026-02-16T04:37:02+00:00
S12008,BAGHERIA,,,,2026-02-16T04:37:02+00:00
S12014,TERMINI IMERESE,,,,2026-02-16T04:37:02+00:00
S12019,CEFALU\',,,,2026-02-16T04:37:02+00:00
S12027,S.AGATA DI MILITELLO,,,,2026-02-16T04:37:02+00:00
S12036,PATTI-S.PIERO PATTI,,,,2026-02-16T04:37:02+00:00
S12100,TRAPANI,,,,2026-02-16T04:37:02+00:00
S12113,CASTELVETRANO,,,,2026-02-16T04:37:02+00:00
S12125,PIRAINETO,,,,2026-02-16T04:37:02+00:00
S12126,CINISI TERRASINI,,,,2026-02-16T04:37:02+00:00
S12127,CARINI,,,,2026-02-16T04:37:02+00:00
S12133,PALERMO AEROPORTO,,,,2026-02-16T04:37:02+00:00
S12134,PALERMO NOTARBARTOLO,,,,2026-02-16T04:37:02+00:00
S12138,GIACHERY,,,,2026-02-16T04:37:02+00:00
S12150,ALCAMO DIRAMAZIONE,,,,2026-02-16T04:37:02+00:00
S12204,ROCCAPALUMBA-ALIA,,,,2026-02-16T04:37:02+00:00
S12211,CAMPOFRANCO,,,,2026-02-16T04:37:02+00:00
S12216,AGRIGENTO CENTRALE,,,,2026-02-16T04:37:02+00:00
S12270,CALTAGIRONE,,,,2026-02-16T04:37:02+00:00
S12301,MESSINA CENTRALE,,,,2026-02-16T04:37:02+00:00
S12317,TAORMINA-GIARDINI,,,,2026-02-16T04:37:02+00:00
S12320,ALCANTARA,,,,2026-02-16T04:37:02+00:00
S12324,GIARRE RIPOSTO,,,,2026-02-16T04:37:02+00:00
S12332,CATANIA CENTRALE,,,,2026-02-16T04:37:02+00:00
S12349,SIRACUSA,,,,2026-02-16T04:37:02+00:00
S12380,CALTANISSETTA XIRBI,,,,2026-02-16T04:37:02+00:00
S12381,CALTANISSETTA CENTRALE,,,,2026-02-16T04:37:02+00:00
S12417,MODICA,,,,2026-02-16T04:37:02+00:00
S12862,OZIERI CHILIVANI,,,,2026-02-16T04:37:02+00:00
S12869,MACOMER,,,,2026-02-16T04:37:02+00:00
S12878,ORISTANO,,,,2026-02-16T04:37:02+00:00
S12882,S.GAVINO,,,,2026-02-16T04:37:02+00:00
S12888,DECIMOMANNU,,,,2026-02-16T04:37:02+00:00
S12890,CAGLIARI ELMAS,,,,2026-02-16T04:37:02+00:00
S12891,CAGLIARI,,,,2026-02-16T04:37:02+00:00
S12902,OLBIA TERRANOVA,,,,2026-02-16T04:37:02+00:00
S13104,MARTINA FRANCA,,,,2026-02-16T04:37:02+00:00
S19919,STABIO,,,,2026-02-16T04:37:02+00:00
